{"cities":[{"country":"Turkey","name":"Kocaeli"},{"country":"Czech Republic","name":"Ostrava"},{"country":"United States","name":"Santa Clara"},{"country":"United States","name":"Iowa City"},{"country":"United Kingdom","name":"Bournemouth"},{"country":"Montenegro","name":"Podgorica"},{"country":"United States","name":"Toledo"},{"country":"United Kingdom","name":"Milton Keynes"},{"country":"India","name":"Mangalore"},{"country":"Malaysia","name":"Johor Bahru"},{"country":"Canada","name":"St. John's"},{"country":"Pakistan","name":"Islamabad"},{"country":"Norway","name":"Trondheim"},{"country":"India","name":"Nagpur"},{"country":"Czech Republic","name":"Olomouc"},{"country":"Netherlands","name":"Best"},{"country":"Ukraine","name":"Zaporizhzhya"},{"country":"India","name":"Mysore"},{"country":"China","name":"Beijing"},{"country":"North Macedonia","name":"Skopje"},{"country":"Philippines","name":"Manila"},{"country":"Netherlands","name":"Rotterdam"},{"country":"Brazil","name":"Goiania"},{"country":"Austria","name":"Salzburg"},{"country":"Germany","name":"Frankfurt"},{"country":"Canada","name":"North Vancouver"},{"country":"India","name":"Ludhiana"},{"country":"Israel","name":"Jerusalem"},{"country":"Afghanistan","name":"Kabul"},{"country":"Romania","name":"Iasi"},{"country":"United Kingdom","name":"Bristol"},{"country":"Ecuador","name":"Guayaquil"},{"country":"Georgia","name":"Batumi"},{"country":"Botswana","name":"Gaborone"},{"country":"Brazil","name":"Natal"},{"country":"Trinidad And Tobago","name":"Port of Spain"},{"country":"Belgium","name":"Antwerp"},{"country":"Austria","name":"Vienna"},{"country":"France","name":"Lille"},{"country":"Poland","name":"Olsztyn"},{"country":"Canada","name":"Red Deer"},{"country":"Turkey","name":"Izmir"},{"country":"Kosovo (Disputed Territory)","name":"Pristina"},{"country":"Libya","name":"Tripoli"},{"country":"Morocco","name":"Agadir"},{"country":"United States","name":"Detroit"},{"country":"United Kingdom","name":"Cambridge"},{"country":"Russia","name":"Krasnoyarsk"},{"country":"Belgium","name":"Gent"},{"country":"United States","name":"Fort Lauderdale"},{"country":"Finland","name":"Helsinki"},{"country":"Mexico","name":"Hermosillo"},{"country":"United States","name":"Dallas"},{"country":"Canada","name":"Winnipeg"},{"country":"Germany","name":"Munich"},{"country":"United States","name":"Chattanooga"},{"country":"United States","name":"Charleston"},{"country":"China","name":"Hangzhou"},{"country":"Cuba","name":"Havana"},{"country":"Russia","name":"Samara"},{"country":"United States","name":"Kansas City"},{"country":"Italy","name":"Cagliari"},{"country":"United Kingdom","name":"Cardiff"},{"country":"Russia","name":"Novosibirsk"},{"country":"Moldova","name":"Chisinau"},{"country":"Bolivia","name":"La Paz"},{"country":"Poland","name":"Bialystok"},{"country":"Bosnia And Herzegovina","name":"Sarajevo"},{"country":"United States","name":"Fort Collins"},{"country":"Canada","name":"Toronto"},{"country":"United States","name":"Akron"},{"country":"Indonesia","name":"Jakarta"},{"country":"United Kingdom","name":"Aberdeen"},{"country":"Turkey","name":"Istanbul"},{"country":"Russia","name":"Nizhny Novgorod"},{"country":"Portugal","name":"Braga"},{"country":"Germany","name":"Ulm"},{"country":"Taiwan","name":"Kaohsiung"},{"country":"United States","name":"Denver"},{"country":"Russia","name":"Moscow"},{"country":"Lithuania","name":"Kaunas"},{"country":"United Kingdom","name":"Brighton"},{"country":"United States","name":"Bellingham"},{"country":"Israel","name":"Ramat Gan"},{"country":"Taiwan","name":"Taipei"},{"country":"Romania","name":"Craiova"},{"country":"United Kingdom","name":"Stoke-on-Trent"},{"country":"Belgium","name":"Brussels"},{"country":"Greece","name":"Patras"},{"country":"Thailand","name":"Bangkok"},{"country":"India","name":"Surat"},{"country":"United States","name":"Saint Louis"},{"country":"United States","name":"Jersey City"},{"country":"Palestine","name":"Ramallah"},{"country":"Slovakia","name":"Kosice"},{"country":"Senegal","name":"Dakar"},{"country":"India","name":"Noida"},{"country":"India","name":"Madurai"},{"country":"Germany","name":"Karlsruhe"},{"country":"Russia","name":"Perm"},{"country":"United Kingdom","name":"Birmingham"},{"country":"Lithuania","name":"Klaipeda"},{"country":"Canada","name":"Markham"},{"country":"Myanmar","name":"Yangon"},{"country":"United States","name":"Ann Arbor"},{"country":"Guyana","name":"Georgetown"},{"country":"Canada","name":"Kelowna"},{"country":"Azerbaijan","name":"Baku"},{"country":"Jamaica","name":"Kingston"},{"country":"Netherlands","name":"Maastricht"},{"country":"Pakistan","name":"Faisalabad"},{"country":"Poland","name":"Wroclaw"},{"country":"Italy","name":"Verona"},{"country":"United Kingdom","name":"Guildford"},{"country":"India","name":"Ranchi"},{"country":"Brazil","name":"Sao Paulo"},{"country":"Jordan","name":"Amman"},{"country":"South Africa","name":"Pretoria"},{"country":"United States","name":"Grand Rapids"},{"country":"Poland","name":"Krakow (Cracow)"},{"country":"Switzerland","name":"Zurich"},{"country":"Norway","name":"Bergen"},{"country":"Luxembourg","name":"Luxembourg"},{"country":"Canada","name":"Kingston"},{"country":"Canada","name":"Ottawa"},{"country":"Singapore","name":"Singapore"},{"country":"Greece","name":"Thessaloniki"},{"country":"United States","name":"Syracuse"},{"country":"Portugal","name":"Aveiro"},{"country":"Romania","name":"Arad"},{"country":"Brazil","name":"Brasilia"},{"country":"Canada","name":"Fredericton"},{"country":"India","name":"Patna"},{"country":"Ivory Coast","name":"Abidjan"},{"country":"Thailand","name":"Chiang Mai"},{"country":"Iceland","name":"Reykjavik"},{"country":"Iran","name":"Isfahan (Esfahan)"},{"country":"United States","name":"Boise"},{"country":"Australia","name":"Darwin"},{"country":"Iran","name":"Shiraz"},{"country":"Cyprus","name":"Larnaca"},{"country":"United Kingdom","name":"Derby"},{"country":"India","name":"Navi Mumbai"},{"country":"Saudi Arabia","name":"Al Khobar"},{"country":"United Kingdom","name":"Swindon"},{"country":"Fiji","name":"Suva"},{"country":"Canada","name":"Burnaby"},{"country":"New Zealand","name":"Auckland"},{"country":"Colombia","name":"Barranquilla"},{"country":"France","name":"Grenoble"},{"country":"China","name":"Guangzhou"},{"country":"Finland","name":"Espoo"},{"country":"China","name":"Nanjing"},{"country":"United States","name":"Sacramento"},{"country":"Canada","name":"Victoria"},{"country":"Australia","name":"Hobart"},{"country":"Germany","name":"Nuremberg"},{"country":"Germany","name":"Dortmund"},{"country":"Lebanon","name":"Beirut"},{"country":"Philippines","name":"Quezon City"},{"country":"Russia","name":"Tyumen"},{"country":"South Africa","name":"Durban"},{"country":"Uzbekistan","name":"Tashkent"},{"country":"United States","name":"Tacoma"},{"country":"United States","name":"Cincinnati"},{"country":"Ukraine","name":"Cherkasy"},{"country":"Russia","name":"Saint Petersburg"},{"country":"Ukraine","name":"Kharkiv"},{"country":"Poland","name":"Rzeszow"},{"country":"Iraq","name":"Baghdad"},{"country":"Denmark","name":"Odense"},{"country":"Malaysia","name":"Kuala Lumpur"},{"country":"Germany","name":"Leipzig"},{"country":"Bulgaria","name":"Sofia"},{"country":"Iran","name":"Mashhad"},{"country":"Mexico","name":"Guadalajara"},{"country":"Saudi Arabia","name":"Jeddah (Jiddah)"},{"country":"United Kingdom","name":"Belfast"},{"country":"Ecuador","name":"Quito"},{"country":"United States","name":"Los Angeles"},{"country":"Canada","name":"Kitchener"},{"country":"India","name":"Chennai"},{"country":"United States","name":"Tulsa"},{"country":"India","name":"Kanpur"},{"country":"Ireland","name":"Waterford"},{"country":"Bulgaria","name":"Plovdiv"},{"country":"United States","name":"Baton Rouge"},{"country":"United States","name":"Louisville"},{"country":"Chile","name":"Santiago"},{"country":"Trinidad And Tobago","name":"Trinidad"},{"country":"United Kingdom","name":"Swansea"},{"country":"United States","name":"Seattle"},{"country":"Peru","name":"Lima"},{"country":"United States","name":"Des Moines"},{"country":"Romania","name":"Constanta"},{"country":"Bosnia And Herzegovina","name":"Tuzla"},{"country":"Bulgaria","name":"Burgas"},{"country":"United Kingdom","name":"Oxford"},{"country":"Costa Rica","name":"San Jose"},{"country":"Egypt","name":"Alexandria"},{"country":"France","name":"Aix-en-Provence"},{"country":"Italy","name":"Florence"},{"country":"Sweden","name":"Uppsala"},{"country":"United Kingdom","name":"Nottingham"},{"country":"Tanzania","name":"Dar es Salaam"},{"country":"Israel","name":"Haifa"},{"country":"Ukraine","name":"Kiev (Kyiv)"},{"country":"Spain","name":"Bilbao"},{"country":"Poland","name":"Lodz"},{"country":"Portugal","name":"Porto"},{"country":"United Kingdom","name":"Sheffield"},{"country":"Russia","name":"Izhevsk"},{"country":"India","name":"Rajkot"},{"country":"India","name":"Thane"},{"country":"Albania","name":"Tirana"},{"country":"Albania","name":"Durres"},{"country":"Latvia","name":"Riga"},{"country":"United States","name":"Albany"},{"country":"Spain","name":"Malaga"},{"country":"United States","name":"Raleigh"},{"country":"Saudi Arabia","name":"Ad Dammam"},{"country":"Mexico","name":"Playa del Carmen"},{"country":"Canada","name":"Surrey"},{"country":"Guatemala","name":"Guatemala City"},{"country":"Italy","name":"Palermo"},{"country":"Russia","name":"Saratov"},{"country":"Norway","name":"Tromso"},{"country":"Netherlands","name":"Delft"},{"country":"Switzerland","name":"Zug"},{"country":"Croatia","name":"Rijeka"},{"country":"Barbados","name":"Barbados"},{"country":"United States","name":"Asheville"},{"country":"Russia","name":"Vladivostok"},{"country":"United Kingdom","name":"Dundee"},{"country":"Italy","name":"Naples"},{"country":"India","name":"Coimbatore"},{"country":"Ethiopia","name":"Addis Ababa"},{"country":"Portugal","name":"Leiria"},{"country":"Brazil","name":"Salvador"},{"country":"Germany","name":"Mainz"},{"country":"United States","name":"Long Beach"},{"country":"Romania","name":"Cluj-Napoca"},{"country":"United States","name":"Knoxville"},{"country":"United States","name":"Colorado Springs"},{"country":"Iraq","name":"As Sulaymaniyah"},{"country":"Suriname","name":"Paramaribo"},{"country":"Italy","name":"Rome"},{"country":"Slovenia","name":"Ljubljana"},{"country":"Philippines","name":"Baguio"},{"country":"Poland","name":"Gdynia"},{"country":"Italy","name":"Padova"},{"country":"India","name":"Vadodara"},{"country":"Netherlands","name":"Amsterdam"},{"country":"Hungary","name":"Debrecen"},{"country":"United States","name":"Santa Barbara"},{"country":"Ukraine","name":"Ternopil"},{"country":"Russia","name":"Kaliningrad"},{"country":"Nigeria","name":"Lagos"},{"country":"Italy","name":"Trento"},{"country":"United States","name":"Chicago"},{"country":"France","name":"Toulouse"},{"country":"Canada","name":"Saint John"},{"country":"United States","name":"Olympia"},{"country":"Mexico","name":"Monterrey"},{"country":"Hungary","name":"Budapest"},{"country":"Bangladesh","name":"Dhaka"},{"country":"Hungary","name":"Szeged"},{"country":"United States","name":"Las Vegas"},{"country":"Vietnam","name":"Da Nang"},{"country":"Netherlands","name":"Nijmegen"},{"country":"Mexico","name":"Merida"},{"country":"United Kingdom","name":"Liverpool"},{"country":"Kyrgyzstan","name":"Bishkek"},{"country":"Tunisia","name":"Tunis"},{"country":"Italy","name":"Bergamo"},{"country":"United States","name":"Tucson"},{"country":"Bermuda","name":"Hamilton"},{"country":"United Kingdom","name":"Exeter"},{"country":"United Arab Emirates","name":"Ajman"},{"country":"Mozambique","name":"Maputo"},{"country":"Germany","name":"Regensburg"},{"country":"Paraguay","name":"Asuncion"},{"country":"Turkey","name":"Eskisehir"},{"country":"United States","name":"Cleveland"},{"country":"Malaysia","name":"Kota Kinabalu"},{"country":"United States","name":"Charlotte"},{"country":"Spain","name":"Alicante"},{"country":"United Kingdom","name":"Edinburgh"},{"country":"Switzerland","name":"Basel"},{"country":"Estonia","name":"Tartu"},{"country":"United States","name":"Richmond"},{"country":"India","name":"Kochi"},{"country":"China","name":"Chengdu"},{"country":"Russia","name":"Kazan"},{"country":"Italy","name":"Pisa"},{"country":"United States","name":"Saint Paul"},{"country":"France","name":"Antibes"},{"country":"Kenya","name":"Nairobi"},{"country":"United States","name":"Baltimore"},{"country":"Vietnam","name":"Ho Chi Minh City"},{"country":"Netherlands","name":"The Hague (Den Haag)"},{"country":"Ukraine","name":"Dnipro"},{"country":"Czech Republic","name":"Prague"},{"country":"Mexico","name":"Zapopan"},{"country":"United States","name":"Fremont"},{"country":"Puerto Rico","name":"San Juan"},{"country":"Egypt","name":"Cairo"},{"country":"Austria","name":"Graz"},{"country":"Bolivia","name":"Santa Cruz"},{"country":"Slovakia","name":"Bratislava"},{"country":"United States","name":"San Diego"},{"country":"Croatia","name":"Dubrovnik"},{"country":"Greece","name":"Larissa"},{"country":"Spain","name":"Seville (Sevilla)"},{"country":"Canada","name":"Saint John's"},{"country":"Nepal","name":"Kathmandu"},{"country":"Mexico","name":"Aguascalientes"},{"country":"United States","name":"Henderson"},{"country":"Germany","name":"Darmstadt"},{"country":"Taiwan","name":"New Taipei City"},{"country":"Australia","name":"Gold Coast"},{"country":"Japan","name":"Nagoya"},{"country":"Philippines","name":"Makati"},{"country":"United States","name":"Brooklyn"},{"country":"China","name":"Shenzhen"},{"country":"Cyprus","name":"Nicosia"},{"country":"United States","name":"Gainesville"},{"country":"Indonesia","name":"Surabaya"},{"country":"Italy","name":"Turin"},{"country":"India","name":"Raipur"},{"country":"United States","name":"Portland"},{"country":"Canada","name":"Quebec City"},{"country":"Australia","name":"Sydney"},{"country":"Mexico","name":"Puebla"},{"country":"Russia","name":"Omsk"},{"country":"Philippines","name":"Cebu"},{"country":"Germany","name":"Aachen"},{"country":"Poland","name":"Lublin"},{"country":"Canada","name":"Mississauga"},{"country":"United States","name":"Sarasota"},{"country":"India","name":"Ernakulam"},{"country":"Russia","name":"Yekaterinburg"},{"country":"Lithuania","name":"Vilnius"},{"country":"Colombia","name":"Cali"},{"country":"Portugal","name":"Cascais"},{"country":"Netherlands","name":"Utrecht"},{"country":"Morocco","name":"Casablanca"},{"country":"Serbia","name":"Nis"},{"country":"United States","name":"Greensboro"},{"country":"India","name":"Goa"},{"country":"Spain","name":"Madrid"},{"country":"United States","name":"Salt Lake City"},{"country":"Croatia","name":"Osijek"},{"country":"Cambodia","name":"Phnom Penh"},{"country":"United States","name":"Omaha"},{"country":"Brazil","name":"Joinville"},{"country":"Ecuador","name":"Cuenca"},{"country":"Germany","name":"Dusseldorf"},{"country":"China","name":"Suzhou"},{"country":"United States","name":"Orlando"},{"country":"India","name":"Thrissur"},{"country":"United States","name":"Birmingham"},{"country":"France","name":"Paris"},{"country":"Netherlands","name":"Haarlem"},{"country":"United States","name":"Austin"},{"country":"Colombia","name":"Bucaramanga"},{"country":"United States","name":"Boston"},{"country":"Indonesia","name":"Bali"},{"country":"Poland","name":"Gdansk"},{"country":"United Kingdom","name":"Manchester"},{"country":"Canada","name":"Saskatoon"},{"country":"United Kingdom","name":"Reading"},{"country":"Colombia","name":"Medellin"},{"country":"Israel","name":"Beersheba"},{"country":"Australia","name":"Melbourne"},{"country":"Canada","name":"Guelph"},{"country":"Sweden","name":"Gothenburg"},{"country":"Brazil","name":"Curitiba"},{"country":"Hong Kong","name":"Hong Kong"},{"country":"United States","name":"Lexington"},{"country":"Armenia","name":"Yerevan"},{"country":"Philippines","name":"Davao"},{"country":"Dominican Republic","name":"Santo Domingo"},{"country":"Australia","name":"Canberra"},{"country":"Canada","name":"Regina"},{"country":"United States","name":"Queens"},{"country":"United Kingdom","name":"Newcastle upon Tyne"},{"country":"United Kingdom","name":"Portsmouth"},{"country":"Italy","name":"Milan"},{"country":"United States","name":"Wichita"},{"country":"United States","name":"Jacksonville"},{"country":"South Korea","name":"Seoul"},{"country":"Vietnam","name":"Hanoi"},{"country":"Turkey","name":"Mersin"},{"country":"United States","name":"Phoenix"},{"country":"India","name":"Lucknow (Lakhnau)"},{"country":"Georgia","name":"Tbilisi"},{"country":"Syria","name":"Damascus"},{"country":"Germany","name":"Hanover"},{"country":"Kazakhstan","name":"Almaty"},{"country":"Italy","name":"Parma"},{"country":"Canada","name":"Windsor"},{"country":"United States","name":"Everett"},{"country":"South Africa","name":"Johannesburg"},{"country":"France","name":"Montpellier"},{"country":"Oman","name":"Muscat"},{"country":"Turkey","name":"Antalya"},{"country":"Germany","name":"Stuttgart"},{"country":"Algeria","name":"Oran"},{"country":"Morocco","name":"Rabat"},{"country":"Germany","name":"Dresden"},{"country":"Russia","name":"Volgograd"},{"country":"United Kingdom","name":"Leeds"},{"country":"United States","name":"Vancouver"},{"country":"United Kingdom","name":"Norwich"},{"country":"Denmark","name":"Copenhagen"},{"country":"Kazakhstan","name":"Astana (Nur-Sultan)"},{"country":"United States","name":"Dayton"},{"country":"Colombia","name":"Bogota"},{"country":"United States","name":"Bellevue"},{"country":"Mexico","name":"Mexico City"},{"country":"Switzerland","name":"Lugano"},{"country":"Belgium","name":"Leuven"},{"country":"United States","name":"Oklahoma City"},{"country":"Turkey","name":"Adana"},{"country":"France","name":"Lyon"},{"country":"Spain","name":"Las Palmas de Gran Canaria"},{"country":"Canada","name":"Halifax"},{"country":"Saudi Arabia","name":"Riyadh"},{"country":"Russia","name":"Krasnodar"},{"country":"Ukraine","name":"Mykolaiv"},{"country":"Romania","name":"Timisoara"},{"country":"Russia","name":"Rostov-na-donu"},{"country":"United States","name":"San Francisco"},{"country":"Zimbabwe","name":"Harare"},{"country":"United Arab Emirates","name":"Dubai"},{"country":"Croatia","name":"Zadar"},{"country":"Russia","name":"Tomsk"},{"country":"United States","name":"Columbus"},{"country":"Romania","name":"Bucharest"},{"country":"Netherlands","name":"Breda"},{"country":"Colombia","name":"Cartagena"},{"country":"Germany","name":"Bremen"},{"country":"Brazil","name":"Fortaleza"},{"country":"New Zealand","name":"Hamilton"},{"country":"United Kingdom","name":"Kingston upon Hull"},{"country":"United States","name":"Fresno"},{"country":"Japan","name":"Osaka"},{"country":"Jersey","name":"Saint Helier"},{"country":"Japan","name":"Tokyo"},{"country":"Canada","name":"Vancouver"},{"country":"Norway","name":"Oslo"},{"country":"Ireland","name":"Galway"},{"country":"United States","name":"Houston"},{"country":"Bulgaria","name":"Varna"},{"country":"United States","name":"Mesa"},{"country":"Germany","name":"Erlangen"},{"country":"Canada","name":"Montreal"},{"country":"China","name":"Wuhan"},{"country":"Canada","name":"St.Catharines"},{"country":"Bahamas","name":"Nassau"},{"country":"Pakistan","name":"Peshawar"},{"country":"India","name":"Bhopal"},{"country":"United States","name":"Memphis"},{"country":"Sudan","name":"Khartoum"},{"country":"United States","name":"San Antonio"},{"country":"Mexico","name":"Puerto Vallarta"},{"country":"Russia","name":"Irkutsk"},{"country":"Brazil","name":"Campinas"},{"country":"Hungary","name":"Pecs"},{"country":"Austria","name":"Linz"},{"country":"Rwanda","name":"Kigali"},{"country":"India","name":"Bhubaneswar"},{"country":"Germany","name":"Cologne"},{"country":"Turkey","name":"Ankara"},{"country":"United States","name":"Durham"},{"country":"Malta","name":"Valletta"},{"country":"Canada","name":"Brampton"},{"country":"Brazil","name":"Recife"},{"country":"Iran","name":"Tehran"},{"country":"Switzerland","name":"Geneva"},{"country":"Netherlands","name":"Groningen"},{"country":"Morocco","name":"Tangier"},{"country":"China","name":"Shanghai"},{"country":"United Kingdom","name":"Southampton"},{"country":"Italy","name":"Trieste"},{"country":"United Kingdom","name":"London"},{"country":"Brazil","name":"Belo Horizonte"},{"country":"United Kingdom","name":"York"},{"country":"Malaysia","name":"Cyberjaya"},{"country":"Pakistan","name":"Rawalpindi"},{"country":"Canada","name":"Hamilton"},{"country":"Canada","name":"London"},{"country":"Israel","name":"Petah Tikva"},{"country":"Tunisia","name":"Al Marsa"},{"country":"Serbia","name":"Belgrade"},{"country":"United States","name":"Huntsville"},{"country":"Switzerland","name":"Bern"},{"country":"Bahrain","name":"Manama"},{"country":"United States","name":"Miami"},{"country":"France","name":"Marseille"},{"country":"United Kingdom","name":"Plymouth"},{"country":"United States","name":"San Jose"},{"country":"India","name":"Nashik"},{"country":"Germany","name":"Augsburg"},{"country":"Australia","name":"Brisbane"},{"country":"Germany","name":"Bonn"},{"country":"Turkey","name":"Bursa"},{"country":"Mexico","name":"Queretaro"},{"country":"Tunisia","name":"Sousse"},{"country":"Spain","name":"Barcelona"},{"country":"New Zealand","name":"Christchurch"},{"country":"United States","name":"Nashville"},{"country":"India","name":"Guwahati"},{"country":"United States","name":"Honolulu"},{"country":"United Arab Emirates","name":"Abu Dhabi"},{"country":"United States","name":"Salem"},{"country":"Denmark","name":"Aalborg"},{"country":"Croatia","name":"Zagreb"},{"country":"Brazil","name":"Porto Alegre"},{"country":"Poland","name":"Katowice"},{"country":"Mexico","name":"Tijuana"},{"country":"Czech Republic","name":"Plzen"},{"country":"Netherlands","name":"Leiden"},{"country":"Spain","name":"Santa Cruz de Tenerife"},{"country":"Pakistan","name":"Multan"},{"country":"India","name":"Kolkata"},{"country":"Portugal","name":"Lisbon"},{"country":"New Zealand","name":"Wellington"},{"country":"United States","name":"Madison"},{"country":"Cyprus","name":"Paphos"},{"country":"Greece","name":"Corfu"},{"country":"Italy","name":"Bari"},{"country":"United States","name":"Boca Raton"},{"country":"India","name":"Indore"},{"country":"India","name":"Thiruvananthapuram"},{"country":"United States","name":"Minneapolis"},{"country":"Ukraine","name":"Sumy"},{"country":"Hungary","name":"Miskolc"},{"country":"Russia","name":"Chelyabinsk"},{"country":"Czech Republic","name":"Brno"},{"country":"Venezuela","name":"Caracas"},{"country":"Finland","name":"Tampere"},{"country":"United States","name":"New Orleans"},{"country":"Ghana","name":"Accra"},{"country":"India","name":"Bangalore"},{"country":"France","name":"Rennes"},{"country":"Pakistan","name":"Karachi"},{"country":"United Kingdom","name":"Coventry"},{"country":"Spain","name":"Zaragoza (Saragossa)"},{"country":"Netherlands","name":"Tilburg"},{"country":"Israel","name":"Rehovot"},{"country":"France","name":"Nantes"},{"country":"Germany","name":"Hamburg"},{"country":"Thailand","name":"Phuket"},{"country":"India","name":"Pune"},{"country":"Kuwait","name":"Kuwait City"},{"country":"United States","name":"Rochester"},{"country":"Canada","name":"Laval"},{"country":"Thailand","name":"Pattaya"},{"country":"El Salvador","name":"San Salvador"},{"country":"India","name":"Kozhikode (Calicut)"},{"country":"Poland","name":"Poznan"},{"country":"Australia","name":"Perth"},{"country":"Greece","name":"Heraklion"},{"country":"Ukraine","name":"Odessa (Odesa)"},{"country":"Netherlands","name":"Enschede"},{"country":"Sweden","name":"Lund"},{"country":"Romania","name":"Ploiesti"},{"country":"Ukraine","name":"Vinnytsia"},{"country":"India","name":"Kalyan"},{"country":"United States","name":"Washington"},{"country":"Italy","name":"Treviso"},{"country":"Netherlands","name":"Eindhoven"},{"country":"Portugal","name":"Funchal"},{"country":"Cyprus","name":"Limassol"},{"country":"Bangladesh","name":"Chittagong"},{"country":"India","name":"Visakhapatnam"},{"country":"United States","name":"Tampa"},{"country":"Austria","name":"Innsbruck"},{"country":"United States","name":"Irvine"},{"country":"Italy","name":"Bologna"},{"country":"Spain","name":"Vigo"},{"country":"South Africa","name":"Cape Town"},{"country":"Italy","name":"Brescia"},{"country":"India","name":"Jammu"},{"country":"Uganda","name":"Kampala"},{"country":"United States","name":"Berkeley"},{"country":"Poland","name":"Szczecin"},{"country":"Israel","name":"Netanya"},{"country":"Romania","name":"Brasov"},{"country":"Germany","name":"Berlin"},{"country":"Australia","name":"Newcastle"},{"country":"Slovenia","name":"Maribor"},{"country":"Belarus","name":"Minsk"},{"country":"United Kingdom","name":"Glasgow"},{"country":"India","name":"Agra"},{"country":"Canada","name":"Edmonton"},{"country":"Canada","name":"Calgary"},{"country":"India","name":"Jaipur"},{"country":"Tunisia","name":"Aryanah (Ariana)"},{"country":"Spain","name":"Palma de Mallorca"},{"country":"Finland","name":"Oulu"},{"country":"Spain","name":"Granada"},{"country":"Russia","name":"Ufa"},{"country":"Greece","name":"Athens"},{"country":"India","name":"Chandigarh"},{"country":"India","name":"Ahmedabad"},{"country":"United States","name":"Oakland"},{"country":"Croatia","name":"Split"},{"country":"Egypt","name":"Giza"},{"country":"Russia","name":"Voronezh"},{"country":"Zambia","name":"Lusaka"},{"country":"Argentina","name":"Buenos Aires"},{"country":"Brazil","name":"Rio de Janeiro"},{"country":"Ukraine","name":"Ivano-Frankivsk"},{"country":"Qatar","name":"Doha"},{"country":"United States","name":"Eugene"},{"country":"New Zealand","name":"Tauranga"},{"country":"Germany","name":"Mannheim"},{"country":"United States","name":"Atlanta"},{"country":"United Arab Emirates","name":"Sharjah"},{"country":"Germany","name":"Saarbrucken"},{"country":"Ireland","name":"Cork"},{"country":"Canada","name":"Nanaimo"},{"country":"India","name":"Vijayawada"},{"country":"United Kingdom","name":"Leicester"},{"country":"Sweden","name":"Malmo"},{"country":"Sweden","name":"Stockholm"},{"country":"United States","name":"Reno"},{"country":"United States","name":"Pittsburgh"},{"country":"Romania","name":"Sibiu"},{"country":"Indonesia","name":"Bandung"},{"country":"Germany","name":"Freiburg im Breisgau"},{"country":"Maldives","name":"Male"},{"country":"Israel","name":"Tel Aviv-Yafo"},{"country":"Poland","name":"Bydgoszcz"},{"country":"Denmark","name":"Arhus"},{"country":"Portugal","name":"Coimbra"},{"country":"United States","name":"Plano"},{"country":"Sri Lanka","name":"Colombo"},{"country":"Spain","name":"Oviedo"},{"country":"United States","name":"Indianapolis"},{"country":"France","name":"Strasbourg"},{"country":"Switzerland","name":"Lausanne"},{"country":"United States","name":"Little Rock"},{"country":"Uruguay","name":"Montevideo"},{"country":"Spain","name":"Valencia"},{"country":"India","name":"Delhi"},{"country":"United States","name":"Milwaukee"},{"country":"Mongolia","name":"Ulaanbaatar"},{"country":"Germany","name":"Essen"},{"country":"Ireland","name":"Limerick"},{"country":"China","name":"Qingdao"},{"country":"United States","name":"Albuquerque"},{"country":"Poland","name":"Warsaw"},{"country":"United Kingdom","name":"Lincoln"},{"country":"Brazil","name":"Florianopolis"},{"country":"Germany","name":"Heidelberg"},{"country":"Estonia","name":"Tallinn"},{"country":"Ukraine","name":"Lviv"},{"country":"United States","name":"Spokane"},{"country":"India","name":"Faridabad"},{"country":"Spain","name":"Murcia"},{"country":"Malaysia","name":"Penang"},{"country":"Canada","name":"Prince George"},{"country":"United States","name":"Philadelphia"},{"country":"Portugal","name":"Faro"},{"country":"Honduras","name":"Tegucigalpa"},{"country":"Bosnia And Herzegovina","name":"Banja Luka"},{"country":"India","name":"Hyderabad"},{"country":"Morocco","name":"Marrakech"},{"country":"Macao","name":"Macao"},{"country":"France","name":"Nice"},{"country":"India","name":"Ghaziabad"},{"country":"India","name":"Dehradun"},{"country":"Australia","name":"Adelaide"},{"country":"Finland","name":"Turku"},{"country":"India","name":"Gurgaon"},{"country":"Italy","name":"Catania"},{"country":"Panama","name":"Panama City"},{"country":"Norway","name":"Stavanger"},{"country":"Malta","name":"Sliema"},{"country":"India","name":"Mumbai"},{"country":"Serbia","name":"Novi Sad"},{"country":"Pakistan","name":"Lahore"},{"country":"Romania","name":"Oradea"},{"country":"Malaysia","name":"Petaling Jaya"},{"country":"Mexico","name":"Cancun"},{"country":"Algeria","name":"Algiers"},{"country":"Indonesia","name":"Yogyakarta"},{"country":"Iraq","name":"Erbil (Irbil)"},{"country":"Italy","name":"Genoa"},{"country":"United States","name":"Anchorage"},{"country":"United States","name":"New York"},{"country":"United States","name":"El Paso"},{"country":"Ireland","name":"Dublin"},{"country":"Canada","name":"Coquitlam"},{"country":"United States","name":"Fort Worth"},{"country":"United States","name":"Buffalo"}]}